13	2016-07-20T23:16:15Z	0	0	-97.74733333333333	30.509266666666665
13	2016-07-20T23:17:28Z	0	0	-97.74734666666667	30.50928
13	2016-07-20T23:20:27Z	0	0	-97.74734666666667	30.50928
13	2016-07-20T23:23:27Z	0	0	-97.74734666666667	30.50928
13	2016-07-20T23:25:33Z	0	0	-97.74733333333333	30.509266666666665
13	2016-07-20T23:26:26Z	0	0	-97.74734666666667	30.50928
13	2016-07-20T23:29:26Z	0	0	-97.74734666666667	30.50928
13	2016-07-20T23:32:25Z	0	0	-97.74734666666667	30.50928
13	2016-07-20T23:35:25Z	0	0	-97.74734666666667	30.50928
13	2016-07-20T23:35:33Z	0	0	-97.74733333333333	30.509266666666665
13	2016-07-20T23:38:24Z	0	0	-97.74734666666667	30.50928
13	2016-07-20T23:41:24Z	0	0	-97.74734666666667	30.50928
13	2016-07-20T23:44:23Z	0	0	-97.74734666666667	30.50928
13	2016-07-21T04:16:26Z	0	0	-97.74728333333333	30.509316666666667
13	2016-07-21T04:16:55Z	0.1	0	-97.74729666666667	30.509325
13	2016-07-21T04:19:55Z	0.1	0	-97.74729666666667	30.509325
13	2016-07-21T04:22:54Z	0.1	0	-97.74729666666667	30.509325
13	2016-07-21T04:25:47Z	0	0	-97.74728333333333	30.509316666666667
13	2016-07-21T04:25:53Z	0.1	0	-97.74729666666667	30.509325
13	2016-07-21T04:28:53Z	0.1	0	-97.74729666666667	30.509325
13	2016-07-21T04:31:52Z	0.1	0	-97.74729666666667	30.509325
13	2016-07-21T04:34:52Z	0.1	0	-97.74729666666667	30.509325
13	2016-07-21T04:35:47Z	0	0	-97.74728333333333	30.509316666666667
13	2016-07-21T04:37:51Z	0.1	0	-97.74729666666667	30.509325
13	2016-07-21T04:40:51Z	0.1	0	-97.74729666666667	30.509325
13	2016-07-21T04:43:50Z	0.1	0	-97.74729666666667	30.509325
13	2016-07-21T08:41:31Z	0	0	-97.74736666666666	30.509316666666667
13	2016-07-21T08:42:52Z	0	0	-97.74737166666667	30.509318333333333
13	2016-07-21T08:45:51Z	0	0	-97.74737166666667	30.509318333333333
13	2016-07-21T08:47:01Z	0	0	-97.74736666666666	30.509316666666667
13	2016-07-21T08:48:51Z	0	0	-97.74737166666667	30.509318333333333
22	2016-07-21T17:09:34Z	1	0	-97.90601666666667	30.378516666666666
22	2016-07-21T17:09:40Z	0	0	-97.90601666666667	30.378466666666668
22	2016-07-21T17:12:13Z	0	0	-97.90604	30.378471666666666
22	2016-07-21T17:14:08Z	0	0	-97.90603333333334	30.378466666666668
22	2016-07-21T17:36:46Z	0	0	-97.90593333333334	30.37836666666667
22	2016-07-21T17:37:23Z	0	0	-97.90599666666667	30.37842
22	2016-07-21T17:37:30Z	0	0	-97.90598333333334	30.378416666666666
22	2016-07-21T17:37:33Z	0	0	-97.90599666666667	30.378416666666666
22	2016-07-21T17:37:33Z	0	0	-97.90598333333334	30.378416666666666
22	2016-07-21T17:37:38Z	0	0	-97.906	30.378416666666666
22	2016-07-21T17:37:48Z	0	0	-97.90600166666667	30.378416666666666
22	2016-07-21T17:39:28Z	0	0	-97.90600166666667	30.378416666666666
22	2016-07-21T17:41:53Z	0	0	-97.90601666666667	30.3784
22	2016-07-21T17:41:58Z	0.8	0	-97.90602666666666	30.378425
22	2016-07-21T17:42:03Z	2	0	-97.90598333333334	30.378416666666666
22	2016-07-21T17:42:08Z	0	0	-97.90595	30.378416666666666
22	2016-07-21T17:42:23Z	2	191	-97.90586666666667	30.378416666666666
22	2016-07-21T17:42:28Z	2.6	321	-97.90586666666667	30.378433333333334
22	2016-07-21T17:43:03Z	0	0	-97.90585	30.37845
22	2016-07-21T17:43:18Z	2	0	-97.90586666666667	30.37836666666667
22	2016-07-21T17:44:08Z	0	0	-97.90578333333333	30.37845
22	2016-07-21T17:45:28Z	0.8	0	-97.90575666666666	30.378485
22	2016-07-21T17:47:08Z	0	0	-97.90575	30.37848333333333
22	2016-07-21T17:48:23Z	0.8	0	-97.90575666666666	30.378485
22	2016-07-21T18:27:51Z	0	0	-97.90581666666667	30.37845
22	2016-07-21T18:30:38Z	6.6	39	-97.902005	30.376561666666667
22	2016-07-21T18:32:33Z	19	77	-97.88806666666666	30.37623333333333
22	2016-07-21T18:33:38Z	0	0	-97.88516166666666	30.377491666666668
22	2016-07-21T18:36:33Z	0	0	-97.88488833333334	30.382288333333335
22	2016-07-21T18:37:33Z	0	0	-97.88488333333333	30.382283333333334
22	2016-07-21T18:39:33Z	0	0	-97.88488833333334	30.382288333333335
22	2016-07-21T19:59:02Z	5.4	48	-97.88457666666666	30.382368333333332
22	2016-07-21T19:59:02Z	5.4	48	-97.88457666666666	30.382368333333332
22	2016-07-21T19:59:03Z	6.9	68	-97.88454333333334	30.38237
22	2016-07-21T20:01:43Z	11.7	262	-97.89612833333334	30.374003333333334
22	2016-07-21T20:03:43Z	8	31	-97.90566666666666	30.37825
22	2016-07-21T20:04:43Z	0.2	0	-97.90585666666666	30.37842
22	2016-07-21T20:07:43Z	0.7	0	-97.90583833333334	30.378461666666666
22	2016-07-21T20:08:43Z	0	0	-97.90583333333333	30.37845
22	2016-07-22T00:35:32Z	0	0	-97.90585	30.378283333333332
22	2016-07-22T00:37:53Z	0	0	-97.90585833333333	30.37829
22	2016-07-22T19:03:09Z	23	70	-97.90301666666667	30.375733333333333
22	2016-07-22T19:04:38Z	26.3	56	-97.893825	30.375253333333333
22	2016-07-22T19:06:38Z	40	24	-97.88361666666667	30.3828
22	2016-07-22T19:07:38Z	0.7	0	-97.88216666666666	30.389608333333335
22	2016-07-22T19:10:38Z	0	0	-97.85424	30.403161666666666
22	2016-07-22T19:11:38Z	44	23	-97.85016666666667	30.411133333333332
22	2016-07-22T19:13:38Z	9.2	195	-97.84673666666667	30.421383333333335
22	2016-07-22T19:16:38Z	0	0	-97.84678	30.421026666666666
22	2016-07-22T19:16:38Z	0	0	-97.84676666666667	30.421016666666667
22	2016-07-22T19:19:38Z	0	0	-97.84678	30.421026666666666
22	2016-07-22T23:02:58Z	6	154	-97.84641666666667	30.4189
22	2016-07-22T23:04:03Z	49.9	204	-97.85224333333333	30.407316666666667
22	2016-07-22T23:06:03Z	32	257	-97.86776666666667	30.394633333333335
22	2016-07-22T23:07:03Z	35.6	244	-97.880695	30.39009
22	2016-07-22T23:10:03Z	31.5	244	-97.88982333333334	30.370118333333334
22	2016-07-22T23:11:03Z	2	153	-97.89326666666666	30.37013333333333
22	2016-07-22T23:13:03Z	24.3	279	-97.894385	30.37069333333333
22	2016-07-22T23:16:03Z	2.4	281	-97.905665	30.378446666666665
22	2016-07-22T23:16:03Z	2	281	-97.90565	30.378433333333334
22	2016-07-22T23:19:03Z	0.2	0	-97.905765	30.378413333333334
22	2016-07-22T23:21:03Z	0	0	-97.90575	30.3784
22	2016-07-22T23:22:03Z	0.2	0	-97.905765	30.378413333333334
22	2016-07-23T14:12:03Z	22	70	-97.90321666666667	30.375666666666667
22	2016-07-23T14:13:38Z	28	135	-97.895305	30.371035
22	2016-07-23T14:15:38Z	32	42	-97.88806666666666	30.370983333333335
22	2016-07-23T14:16:38Z	33.5	80	-97.88351666666667	30.377788333333335
22	2016-07-23T14:19:38Z	9	38	-97.86659333333333	30.39481
22	2016-07-23T14:20:38Z	24	24	-97.855	30.401816666666665
22	2016-07-23T14:22:38Z	51	23	-97.846335	30.418673333333334
22	2016-07-23T14:25:38Z	5.3	22	-97.83320833333333	30.44307
22	2016-07-23T14:25:38Z	5	22	-97.8332	30.443066666666667
22	2016-07-23T14:28:38Z	0.1	0	-97.83068333333334	30.446476666666666
22	2016-07-23T14:30:38Z	0	0	-97.83068333333334	30.446466666666666
22	2016-07-23T14:31:38Z	0.1	0	-97.83068333333334	30.446476666666666
22	2016-07-23T14:37:12Z	0.3	0	-97.830695	30.446535
22	2016-07-23T14:37:12Z	0.3	0	-97.830695	30.446535
22	2016-07-23T14:40:03Z	37.4	41	-97.82116	30.459863333333335
22	2016-07-23T14:42:03Z	41	69	-97.80833333333334	30.46451666666667
22	2016-07-23T14:43:03Z	22.6	49	-97.80325333333333	30.46912
22	2016-07-23T14:46:03Z	6.8	100	-97.80551	30.470316666666665
22	2016-07-23T14:47:03Z	0	0	-97.80541666666667	30.470216666666666
22	2016-07-23T14:49:03Z	0	0	-97.80542166666666	30.470228333333335
22	2016-07-23T15:24:10Z	10.1	100	-97.80531	30.470228333333335
22	2016-07-23T15:24:11Z	11.2	101	-97.80522166666667	30.470206666666666
22	2016-07-23T15:27:03Z	18.5	88	-97.79947	30.472561666666667
22	2016-07-23T15:29:03Z	6	162	-97.79551666666667	30.463466666666665
22	2016-07-23T15:30:03Z	42	166	-97.79272	30.456245
22	2016-07-23T15:33:03Z	0	0	-97.79221333333334	30.448616666666666
22	2016-07-23T15:34:03Z	0	0	-97.79216666666667	30.448633333333333
22	2016-07-23T15:36:03Z	39.5	271	-97.80094666666666	30.447161666666666
22	2016-07-23T15:39:03Z	34.3	309	-97.820085	30.450586666666666
22	2016-07-23T15:39:03Z	34	309	-97.82008333333333	30.450583333333334
22	2016-07-23T15:42:03Z	0	0	-97.814795	30.463315
22	2016-07-23T15:44:03Z	0	0	-97.81478333333334	30.4633
22	2016-07-23T15:45:03Z	0.1	0	-97.814795	30.463311666666666
22	2016-07-23T15:53:38Z	34.2	231	-97.820445	30.460588333333334
22	2016-07-23T15:53:38Z	34.2	231	-97.820445	30.460588333333334
22	2016-07-23T15:53:43Z	30	222	-97.82106666666667	30.460066666666666
22	2016-07-23T15:56:28Z	40.7	208	-97.82867	30.452543333333335
22	2016-07-23T15:57:28Z	1	163	-97.83066666666667	30.446433333333335
22	2016-07-23T15:59:28Z	0	0	-97.83065333333333	30.446426666666667
22	2016-07-23T16:02:28Z	0	0	-97.83065333333333	30.446426666666667
22	2016-07-23T16:02:28Z	0	0	-97.83065	30.446416666666668
22	2016-07-23T17:59:03Z	0	0	-97.8306	30.446516666666668
22	2016-07-23T18:01:23Z	9.5	246	-97.831545	30.446636666666667
22	2016-07-23T18:03:23Z	44	196	-97.84235	30.429833333333335
22	2016-07-23T18:04:23Z	42.1	204	-97.84636666666667	30.418863333333334
22	2016-07-23T18:07:23Z	47.8	204	-97.85566666666666	30.4008
22	2016-07-23T18:08:23Z	50	255	-97.86923333333333	30.394333333333332
22	2016-07-23T18:10:23Z	34.9	204	-97.88468166666667	30.381176666666665
22	2016-07-23T18:13:23Z	13.9	267	-97.90202	30.376598333333334
22	2016-07-23T18:13:23Z	13	267	-97.90201666666667	30.376583333333333
22	2016-07-23T18:16:23Z	0.1	0	-97.90573833333333	30.378353333333333
22	2016-07-23T18:18:23Z	0	0	-97.90573333333333	30.37835
22	2016-07-23T18:19:18Z	0.1	0	-97.90573833333333	30.378353333333333
22	2016-07-30T12:02:10Z	0	0	-97.90576666666666	30.3784
22	2016-07-30T12:02:43Z	0	0	-97.90591666666667	30.3784
22	2016-07-30T12:02:53Z	0	0	-97.90591666666667	30.3784
22	2016-07-30T12:02:58Z	1	0	-97.90595	30.378383333333332
22	2016-07-30T12:03:18Z	0	0	-97.90601666666667	30.378283333333332
22	2016-07-30T12:04:23Z	0	0	-97.90599833333333	30.378433333333334
22	2016-07-30T12:05:28Z	1	0	-97.90598333333334	30.378433333333334
22	2016-07-30T12:06:23Z	0	0	-97.90598333333334	30.37845
22	2016-07-30T12:07:23Z	0.3	0	-97.905995	30.378456666666665
22	2016-07-30T12:10:23Z	0.3	0	-97.905995	30.378456666666665
22	2016-07-30T12:11:43Z	0.4	0	-97.90593333333334	30.378456666666665
22	2016-07-30T12:11:45Z	0	0	-97.90593333333334	30.37845
22	2016-07-30T12:14:33Z	0.4	0	-97.90593333333334	30.378456666666665
22	2016-07-30T12:42:16Z	0.2	0	-97.90592666666667	30.37839
22	2016-07-30T12:42:19Z	0	0	-97.90591666666667	30.378383333333332
22	2016-07-30T12:47:03Z	0	0	-97.90591666666667	30.378461666666666
22	2016-07-30T12:47:04Z	0.3	0	-97.90589	30.378436666666666
22	2016-07-30T12:49:58Z	0.1	0	-97.90593	30.37845
22	2016-07-30T12:51:53Z	0	0	-97.90591666666667	30.37845
22	2016-07-30T13:03:33Z	0	0	-97.90591666666667	30.378383333333332
22	2016-07-30T13:06:23Z	0.1	0	-97.90591833333333	30.378408333333333
22	2016-07-30T13:08:18Z	0	0	-97.90591666666667	30.3784
22	2016-07-30T13:42:29Z	0	0	-97.90596666666667	30.37836666666667
22	2016-07-30T13:45:18Z	0.2	0	-97.90597833333334	30.378378333333334
22	2016-07-30T15:44:58Z	0	0	-97.9058	30.37845
22	2016-07-30T15:46:38Z	0.6	0	-97.90580166666666	30.378458333333334
22	2016-07-30T15:48:38Z	0	0	-97.9058	30.37845
22	2016-07-30T19:31:03Z	30	99	-97.90093333333333	30.3763
22	2016-07-30T19:32:28Z	28.9	89	-97.891055	30.376888333333333
22	2016-07-30T19:34:23Z	5	248	-97.89155	30.369433333333333
22	2016-07-30T19:35:23Z	0	0	-97.89354	30.369998333333335
22	2016-07-30T19:38:23Z	29.7	357	-97.89605166666666	30.372811666666667
22	2016-07-30T19:39:23Z	19	205	-97.90208333333334	30.3764
22	2016-07-30T19:41:23Z	0.2	0	-97.90577	30.378415
22	2016-07-30T19:44:23Z	0.2	0	-97.90577	30.378415
22	2016-07-30T19:44:23Z	0	0	-97.90576666666666	30.3784
22	2016-07-31T12:42:29Z	25	78	-97.90361666666666	30.375583333333335
22	2016-07-31T12:44:08Z	29	60	-97.89405	30.37516
22	2016-07-31T12:46:08Z	40	23	-97.88313333333333	30.3837
22	2016-07-31T12:47:08Z	49.3	56	-97.87794333333333	30.391778333333335
22	2016-07-31T12:50:08Z	28.6	149	-97.85136833333334	30.400323333333333
22	2016-07-31T12:51:08Z	0	0	-97.85	30.4018
22	2016-07-31T12:53:08Z	0	0	-97.850015	30.401805
22	2016-07-31T12:56:08Z	0	0	-97.850015	30.401805
22	2016-07-31T12:56:08Z	0	0	-97.85	30.4018
22	2016-07-31T13:21:48Z	4	20	-97.85009	30.401868333333333
22	2016-07-31T13:21:49Z	4.4	55	-97.85004833333333	30.401885
22	2016-07-31T13:24:43Z	0.2	0	-97.85396333333334	30.402161666666668
22	2016-07-31T13:26:43Z	0	0	-97.8539	30.40215
22	2016-07-31T13:27:43Z	0	0	-97.85390666666666	30.402163333333334
22	2016-07-31T13:30:43Z	41.5	204	-97.85551333333333	30.401055
22	2016-07-31T13:31:43Z	47	256	-97.86851666666666	30.394483333333334
22	2016-07-31T13:33:43Z	37.5	195	-97.882985	30.385083333333334
22	2016-07-31T13:36:38Z	27.2	309	-97.89842166666666	30.376123333333332
22	2016-07-31T13:36:43Z	25	282	-97.89903333333334	30.376366666666666
22	2016-07-31T13:39:38Z	0.7	0	-97.90581	30.37838
22	2016-07-31T13:41:43Z	0	0	-97.9058	30.37836666666667
22	2016-07-31T13:42:38Z	0.7	0	-97.90581	30.37838
88	2016-08-11T09:19:41Z	0	0	-97.83058333333334	30.4464
88	2016-08-11T09:23:53Z	0	0	-97.83046666666667	30.446366666666666
88	2016-08-11T09:23:54Z	0.2	0	-97.83047166666667	30.446376666666666
88	2016-08-11T09:24:02Z	0	0	-97.83046666666667	30.446366666666666
88	2016-08-11T09:24:12Z	0	0	-97.83046666666667	30.446366666666666
88	2016-08-11T09:24:22Z	0	0	-97.83046666666667	30.446366666666666
88	2016-08-11T09:24:32Z	0	0	-97.83046666666667	30.446366666666666
88	2016-08-11T09:24:42Z	0	0	-97.83046666666667	30.446366666666666
88	2016-08-11T09:24:51Z	0.2	0	-97.83047166666667	30.446376666666666
88	2016-08-11T09:27:51Z	0.2	0	-97.83047166666667	30.446376666666666
88	2016-08-11T09:28:20Z	0	0	-97.83061666666667	30.44635
88	2016-08-11T09:39:16Z	0	0	-97.83058333333334	30.44633333333333
88	2016-08-11T10:02:37Z	0	0	-97.83195	30.446566666666666
88	2016-08-11T10:02:47Z	0	0	-97.83198333333333	30.446583333333333
88	2016-08-11T10:03:03Z	0	0	-97.83198333333333	30.446583333333333
88	2016-08-11T10:03:17Z	0	0	-97.83198333333333	30.446583333333333
88	2016-08-11T10:03:27Z	0	0	-97.83198333333333	30.446583333333333
88	2016-08-11T10:03:37Z	0	0	-97.83198333333333	30.446583333333333
88	2016-08-11T10:03:47Z	0	0	-97.83198333333333	30.446583333333333
88	2016-08-11T10:04:04Z	0	0	-97.83198333333333	30.446583333333333
88	2016-08-11T10:04:17Z	0	0	-97.83198333333333	30.446583333333333
88	2016-08-11T10:04:27Z	0	0	-97.83198333333333	30.446583333333333
88	2016-08-11T10:04:37Z	0	0	-97.83198333333333	30.446583333333333
88	2016-08-11T10:04:47Z	0	0	-97.83198333333333	30.446583333333333
88	2016-08-11T10:04:57Z	0	0	-97.83198333333333	30.446583333333333
88	2016-08-11T10:05:29Z	0.5	0	-97.83199166666667	30.446583333333333
88	2016-08-11T10:05:46Z	0	0	-97.83198333333333	30.446583333333333
88	2016-08-11T10:05:56Z	0	0	-97.83198333333333	30.446583333333333
88	2016-08-11T10:06:06Z	0	0	-97.83198333333333	30.446583333333333
88	2016-08-11T10:06:16Z	0	0	-97.83198333333333	30.446583333333333
88	2016-08-11T10:06:26Z	0	0	-97.83198333333333	30.446583333333333
88	2016-08-11T10:06:36Z	0	0	-97.83198333333333	30.446583333333333
88	2016-08-11T10:06:46Z	0	0	-97.83198333333333	30.446583333333333
88	2016-08-11T10:07:25Z	0	0	-97.83198333333333	30.446583333333333
88	2016-08-11T10:07:35Z	0	0	-97.83198333333333	30.446583333333333
88	2016-08-11T10:07:45Z	0	0	-97.83198333333333	30.446583333333333
88	2016-08-11T10:07:55Z	2	135	-97.8306	30.4464
88	2016-08-11T10:08:05Z	2	135	-97.8306	30.4464
88	2016-08-11T10:08:15Z	2	135	-97.8306	30.4464
88	2016-08-11T10:08:28Z	2.1	135	-97.83060166666667	30.446401666666667
88	2016-08-11T10:11:28Z	2.1	135	-97.83060166666667	30.446401666666667
22	2016-08-13T12:01:53Z	13	49	-97.89586666666666	30.374016666666666
22	2016-08-13T12:02:13Z	17	69	-97.89428333333333	30.375066666666665
22	2016-08-13T12:03:13Z	24.7	98	-97.88888833333333	30.376185
22	2016-08-13T12:06:13Z	38.7	55	-97.88014666666666	30.390353333333334
22	2016-08-13T12:07:13Z	1	79	-97.86953333333334	30.394233333333332
22	2016-08-13T12:09:13Z	21.7	334	-97.87373	30.405871666666666
22	2016-08-13T12:12:13Z	38.2	352	-97.87238333333333	30.425203333333332
22	2016-08-13T12:12:13Z	38	352	-97.87238333333333	30.4252
22	2016-08-13T12:15:08Z	34.3	190	-97.87636	30.435693333333333
22	2016-08-13T12:17:13Z	31	255	-97.88491666666667	30.43245
22	2016-08-13T12:18:08Z	26.7	280	-97.89361333333333	30.43382666666667
22	2016-08-13T12:21:08Z	0	0	-97.8985	30.428686666666668
22	2016-08-13T12:22:13Z	0	0	-97.8985	30.428683333333332
22	2016-08-13T12:24:08Z	0	0	-97.8985	30.428686666666668
22	2016-08-13T12:39:03Z	3	306	-97.89853	30.428795
22	2016-08-13T12:39:04Z	3.2	307	-97.898545	30.428805
22	2016-08-13T12:41:58Z	36.5	94	-97.881105	30.439428333333332
22	2016-08-13T12:43:58Z	43	64	-97.86576666666667	30.442416666666666
22	2016-08-13T12:44:58Z	41	49	-97.85697333333333	30.449108333333335
22	2016-08-13T12:47:58Z	11.1	106	-97.826075	30.455555
22	2016-08-13T12:48:58Z	0	0	-97.82598333333334	30.455533333333335
22	2016-08-13T12:50:53Z	16.5	69	-97.81816666666667	30.4614
22	2016-08-13T12:53:53Z	0.1	0	-97.80518333333333	30.465518333333332
22	2016-08-13T12:53:58Z	0	0	-97.80516666666666	30.465516666666666
22	2016-08-13T12:56:53Z	0.2	0	-97.80342	30.465335
22	2016-08-13T12:58:58Z	0	0	-97.80341666666666	30.465333333333334
22	2016-08-13T12:59:53Z	0.2	0	-97.80342	30.465335
22	2016-08-13T13:22:45Z	0	0	-97.80384333333333	30.465768333333333
22	2016-08-13T13:22:46Z	0	0	-97.80384333333333	30.465768333333333
22	2016-08-13T13:25:03Z	20.8	250	-97.81518333333334	30.462521666666667
22	2016-08-13T13:27:03Z	42	292	-97.83413333333333	30.457616666666667
22	2016-08-13T13:28:03Z	40.9	236	-97.84438	30.45848
22	2016-08-13T13:31:03Z	5.2	116	-97.85876333333333	30.456185
22	2016-08-13T13:32:03Z	0	0	-97.85873333333333	30.456216666666666
22	2016-08-13T13:34:03Z	15.1	118	-97.85722	30.459291666666665
22	2016-08-13T13:36:58Z	0	0	-97.8488	30.467591666666667
22	2016-08-13T13:37:03Z	0	0	-97.8488	30.467583333333334
22	2016-08-13T13:39:58Z	0	0	-97.8488	30.467591666666667
22	2016-08-13T13:42:03Z	29	228	-97.85586666666667	30.462516666666666
22	2016-08-13T13:42:58Z	28	210	-97.85872666666667	30.456841666666666
22	2016-08-13T13:45:58Z	40.3	252	-97.86877333333334	30.441198333333332
22	2016-08-13T13:47:03Z	36	128	-97.872	30.435233333333333
22	2016-08-13T13:48:58Z	41.4	146	-97.86773	30.415086666666667
22	2016-08-13T13:51:58Z	0	0	-97.85452	30.403451666666665
22	2016-08-13T13:52:03Z	0	0	-97.85451666666667	30.40345
22	2016-08-13T13:54:58Z	0	0	-97.85452	30.403451666666665
22	2016-08-13T13:57:03Z	0	0	-97.85485	30.403033333333333
22	2016-08-13T13:57:58Z	0	0	-97.85473833333333	30.403031666666667
22	2016-08-13T14:00:58Z	1.1	257	-97.881615	30.389856666666667
22	2016-08-13T14:02:03Z	36	182	-97.8825	30.38795
22	2016-08-13T14:03:58Z	27.4	298	-97.8904	30.376771666666667
22	2016-08-13T14:06:53Z	1.4	0	-97.90574833333334	30.378488333333333
22	2016-08-13T14:07:03Z	2	318	-97.9058	30.37848333333333
22	2016-08-13T14:09:53Z	0.4	0	-97.90571	30.378488333333333
22	2016-08-13T14:12:03Z	0	0	-97.9057	30.37848333333333
88	2016-08-13T16:22:40Z	1	169	-97.40268333333333	27.765366666666665
88	2016-08-13T16:24:40Z	1.1	169	-97.402685	27.765378333333334
88	2016-08-13T16:26:51Z	1	169	-97.40268333333333	27.765366666666665
88	2016-08-13T16:27:40Z	1.1	169	-97.402685	27.765378333333334
88	2016-08-13T16:36:28Z	0	0	-97.40263333333333	27.765433333333334
88	2016-08-13T16:40:57Z	0	168	-97.40266666666666	27.765366666666665
88	2016-08-13T16:45:57Z	0	168	-97.40266666666666	27.765366666666665
88	2016-08-13T16:57:20Z	0	168	-97.40266666666666	27.765366666666665
88	2016-08-13T17:01:42Z	0	0	-97.40266666666666	27.76546666666667
88	2016-08-13T17:31:02Z	0	0	-97.40266666666666	27.76546666666667
88	2016-08-13T17:31:07Z	0.5	0	-97.40274333333333	27.765486666666668
88	2016-08-13T17:32:47Z	0.5	0	-97.40274333333333	27.765486666666668
88	2016-08-13T17:34:02Z	0.5	0	-97.40274333333333	27.765486666666668
22	2016-08-13T19:04:31Z	28	150	-97.8977	30.375116666666667
22	2016-08-13T19:06:08Z	0	0	-97.89346666666667	30.369886666666666
22	2016-08-13T19:06:53Z	0	0	-97.89346666666667	30.369883333333334
22	2016-08-13T19:09:08Z	25.6	289	-97.89463333333333	30.370735
22	2016-08-13T19:11:53Z	0	0	-97.9058	30.37845
22	2016-08-13T19:12:08Z	0.2	0	-97.90583333333333	30.37841166666667
22	2016-08-13T19:15:08Z	0.3	0	-97.905805	30.378416666666666
22	2016-08-13T19:16:53Z	0	0	-97.9058	30.378416666666666
88	2016-08-13T21:31:31Z	0	0	-97.40265	27.765433333333334
88	2016-08-13T21:32:57Z	0	0	-97.40266333333334	27.765446666666666
88	2016-08-14T02:31:32Z	0	0	-97.40263333333333	27.76546666666667
88	2016-08-14T02:33:46Z	0	0	-97.40264833333333	27.765475
88	2016-08-14T07:31:55Z	0	0	-97.4027	27.7654
88	2016-08-14T07:34:37Z	0	0	-97.402715	27.76541
88	2016-08-14T12:32:01Z	0	0	-97.40266666666666	27.76545
88	2016-08-14T12:32:32Z	0	0	-97.40267333333334	27.765455
88	2016-08-14T12:35:31Z	0	0	-97.40267333333334	27.765455
22	2016-08-14T14:41:08Z	23	163	-97.90508333333334	30.37665
22	2016-08-14T14:42:38Z	7.2	104	-97.89608666666666	30.373878333333334
22	2016-08-14T14:44:18Z	29	50	-97.88566666666667	30.3771
22	2016-08-14T14:45:38Z	37.9	19	-97.88281166666667	30.38436
22	2016-08-14T14:48:38Z	13.4	57	-97.85384833333333	30.403488333333332
22	2016-08-14T14:49:18Z	46	151	-97.84965	30.39753333333333
22	2016-08-14T14:51:38Z	47.4	122	-97.82935333333333	30.391
22	2016-08-14T14:54:18Z	52	130	-97.798	30.36615
22	2016-08-14T14:56:23Z	44.9	208	-97.80277666666667	30.340998333333335
22	2016-08-14T14:56:23Z	44.9	208	-97.80277666666667	30.340998333333335
22	2016-08-14T14:56:23Z	44	208	-97.80276666666667	30.340983333333334
22	2016-08-14T14:59:13Z	58.1	164	-97.825905	30.308771666666665
22	2016-08-14T14:59:18Z	57	165	-97.8255	30.307466666666667
22	2016-08-14T15:02:13Z	0	0	-97.82016333333334	30.278066666666668
22	2016-08-14T15:04:18Z	35	145	-97.81408333333333	30.260066666666667
22	2016-08-14T15:05:08Z	40.1	145	-97.808585	30.253193333333332
22	2016-08-14T15:08:08Z	12.4	119	-97.78854	30.23006833333333
22	2016-08-14T15:09:18Z	52	88	-97.77588333333334	30.227616666666666
22	2016-08-14T15:11:08Z	57	90	-97.74718166666666	30.216205
22	2016-08-14T15:14:08Z	46.6	69	-97.698005	30.215986666666666
22	2016-08-14T15:14:18Z	45	69	-97.69565	30.216733333333334
22	2016-08-14T15:17:08Z	38.8	120	-97.67136833333333	30.219575
22	2016-08-14T15:19:18Z	0	0	-97.6594	30.2129
22	2016-08-14T15:20:08Z	2.4	336	-97.658695	30.21334166666667
22	2016-08-14T15:23:08Z	0.1	0	-97.65877166666667	30.213525
22	2016-08-14T15:24:18Z	0	0	-97.65876666666666	30.213516666666667
22	2016-08-14T15:26:08Z	8.6	259	-97.65878166666667	30.213435
22	2016-08-14T15:29:08Z	8.9	301	-97.66510666666667	30.217713333333332
22	2016-08-14T15:29:18Z	1	289	-97.66535	30.217833333333335
88	2016-08-14T20:02:55Z	0	0	-97.40268333333333	27.765433333333334
88	2016-08-14T20:05:29Z	0	0	-97.40268333333333	27.765445
88	2016-08-15T01:03:01Z	0	0	-97.40271666666666	27.765366666666665
88	2016-08-15T01:03:24Z	0	0	-97.40271833333334	27.76537666666667
88	2016-08-15T01:06:23Z	0	0	-97.40271833333334	27.76537666666667
88	2016-08-15T06:03:01Z	0	0	-97.40263333333333	27.76545
88	2016-08-15T06:04:15Z	0	0	-97.40263833333333	27.76545
88	2016-08-15T06:07:15Z	0	0	-97.40263833333333	27.76545
88	2016-08-15T11:03:25Z	0	0	-97.40263333333333	27.765433333333334
88	2016-08-15T11:05:04Z	0	0	-97.40263666666667	27.765443333333334
88	2016-08-15T12:44:00Z	0	0	-97.40275	27.765433333333334
88	2016-08-15T12:46:30Z	0.3	0	-97.40275666666666	27.765436666666666
88	2016-08-15T12:48:57Z	0	0	-97.40275	27.765433333333334
88	2016-08-15T12:50:38Z	0	0	-97.40268333333333	27.76545
88	2016-08-15T12:50:39Z	0	0	-97.40268333333333	27.76545
88	2016-08-15T12:51:23Z	0	0	-97.40268333333333	27.76545
88	2016-08-15T12:51:26Z	0	0	-97.40268333333333	27.76545
88	2016-08-15T12:51:56Z	0	0	-97.40268333333333	27.76545
88	2016-08-15T12:51:58Z	0	0	-97.40268333333333	27.76545
88	2016-08-15T12:52:08Z	0	0	-97.40263333333333	27.76545
88	2016-08-15T12:52:22Z	0	0	-97.40264333333333	27.765456666666665
88	2016-08-15T12:54:53Z	0	0	-97.40263333333333	27.76545
88	2016-08-15T12:54:56Z	0	0	-97.40265	27.765433333333334
88	2016-08-15T12:55:22Z	0	0	-97.40266166666666	27.765445
88	2016-08-15T12:56:36Z	0	0	-97.40265	27.765433333333334
88	2016-08-15T12:56:39Z	0	0	-97.40265	27.765433333333334
88	2016-08-15T12:58:21Z	0	0	-97.40266166666666	27.765445
88	2016-08-15T12:59:17Z	0	0	-97.40265	27.765416666666667
88	2016-08-15T12:59:20Z	0	0	-97.40265	27.765416666666667
88	2016-08-15T13:01:21Z	0	0	-97.40265333333333	27.765425
88	2016-08-15T13:04:19Z	0	0	-97.40265	27.765416666666667
88	2016-08-15T13:04:19Z	0	0	-97.40265333333333	27.765425
88	2016-08-15T18:33:01Z	0	0	-97.40263333333333	27.76546666666667
88	2016-08-15T18:35:45Z	0	0	-97.40263833333333	27.765468333333335
88	2016-08-15T23:33:20Z	0	0	-97.40266666666666	27.765433333333334
88	2016-08-15T23:33:36Z	0	0	-97.40267	27.765446666666666
88	2016-08-15T23:36:36Z	0	0	-97.40267	27.765446666666666
88	2016-08-16T04:33:31Z	0	0	-97.40261666666666	27.765433333333334
88	2016-08-16T04:34:27Z	0	0	-97.40262833333334	27.765436666666666
88	2016-08-16T04:37:27Z	0	0	-97.40262833333334	27.765436666666666
88	2016-08-16T09:33:31Z	0	0	-97.40265	27.76545
88	2016-08-16T09:35:21Z	0	0	-97.40266166666666	27.765458333333335
88	2016-08-16T12:14:47Z	0	0	-97.40315	27.764566666666667
88	2016-08-16T12:15:13Z	0	0	-97.40263333333333	27.76545
88	2016-08-16T12:16:25Z	0	0	-97.40263833333333	27.765465
88	2016-08-16T12:17:41Z	2	292	-97.40291666666667	27.76545
88	2016-08-16T12:19:25Z	3.3	298	-97.40753	27.767416666666666
88	2016-08-16T12:20:41Z	10	207	-97.4089	27.765666666666668
88	2016-08-16T12:22:24Z	3.1	299	-97.40927166666667	27.765298333333334
88	2016-08-16T12:25:24Z	3.1	299	-97.40927166666667	27.765298333333334
88	2016-08-16T12:25:41Z	3	299	-97.40926666666667	27.765283333333333
88	2016-08-16T13:06:54Z	0	0	-97.4093	27.765316666666667
88	2016-08-16T13:06:59Z	0	0	-97.4093	27.765316666666667
88	2016-08-16T13:07:02Z	0	0	-97.4093	27.765316666666667
88	2016-08-16T13:07:39Z	0	0	-97.409315	27.765323333333335
88	2016-08-16T13:10:01Z	2	302	-97.41356666666667	27.7706
88	2016-08-16T13:10:38Z	2.1	302	-97.41357833333333	27.770613333333333
88	2016-08-16T13:13:38Z	2.1	302	-97.41357833333333	27.770613333333333
88	2016-08-16T13:14:08Z	2	302	-97.41356666666667	27.7706
88	2016-08-16T13:16:37Z	24.2	30	-97.41369333333333	27.772996666666668
88	2016-08-16T13:17:08Z	46	27	-97.41128333333333	27.77766666666667
88	2016-08-16T13:19:37Z	53.2	296	-97.424435	27.801146666666668
88	2016-08-16T13:20:08Z	53	272	-97.43305	27.802566666666667
88	2016-08-16T13:22:36Z	56.4	274	-97.47511166666666	27.80451
88	2016-08-16T13:23:08Z	57	277	-97.48438333333333	27.805183333333332
88	2016-08-16T13:25:36Z	57.2	292	-97.52335	27.822835
88	2016-08-16T13:26:08Z	57	292	-97.5322	27.826083333333333
88	2016-08-16T13:28:35Z	57	291	-97.56961833333334	27.84593
88	2016-08-16T13:29:08Z	57	291	-97.57883333333334	27.8491
88	2016-08-16T13:31:34Z	49.6	297	-97.61958833333334	27.862663333333334
88	2016-08-16T13:32:08Z	50	236	-97.6271	27.861116666666668
88	2016-08-16T13:34:34Z	49.8	189	-97.635715	27.827808333333333
88	2016-08-16T13:35:08Z	51	189	-97.63721666666666	27.819983333333333
88	2016-08-16T13:37:33Z	36.7	278	-97.65986	27.79894
88	2016-08-16T13:38:08Z	26	279	-97.66598333333333	27.799833333333332
88	2016-08-16T13:40:33Z	3.4	282	-97.68003166666666	27.802201666666665
88	2016-08-16T13:42:38Z	3	282	-97.68001666666666	27.8022
88	2016-08-16T13:42:41Z	3	282	-97.68001666666666	27.8022
88	2016-08-16T13:43:32Z	3.4	282	-97.68003166666666	27.802201666666665
88	2016-08-16T13:46:32Z	3.4	282	-97.68003166666666	27.802201666666665
88	2016-08-16T13:47:01Z	3	282	-97.68001666666666	27.8022
88	2016-08-16T13:52:03Z	2.2	253	-97.68003333333333	27.802161666666667
88	2016-08-16T13:52:03Z	2.2	253	-97.68003333333333	27.802161666666667
88	2016-08-16T13:52:04Z	2	253	-97.68003333333333	27.80215
88	2016-08-16T13:55:02Z	2.2	253	-97.68003333333333	27.802161666666667
107	2016-08-16T13:55:39Z	0	0	-97.83058333333334	30.446533333333335
107	2016-08-16T13:55:47Z	0	0	-97.83058333333334	30.446533333333335
107	2016-08-16T13:55:53Z	0	0	-97.83058333333334	30.446533333333335
88	2016-08-16T13:57:01Z	2	253	-97.68003333333333	27.80215
107	2016-08-16T13:57:24Z	0.1	0	-97.83057666666667	30.446515
107	2016-08-16T13:57:27Z	0	0	-97.83056666666667	30.4465
107	2016-08-16T14:00:15Z	0.1	0	-97.83057666666667	30.446515
107	2016-08-16T14:00:38Z	0	0	-97.83056666666667	30.4465
88	2016-08-16T14:01:14Z	0	0	-97.68011666666666	27.80225
88	2016-08-16T14:03:40Z	0.2	0	-97.68012166666666	27.80225
88	2016-08-16T14:05:31Z	0	0	-97.68011666666666	27.80225
88	2016-08-16T14:09:26Z	0	0	-97.68001666666666	27.802216666666666
88	2016-08-16T14:09:29Z	0.1	0	-97.68002166666666	27.802231666666668
88	2016-08-16T14:11:32Z	19	91	-97.67306666666667	27.800616666666667
88	2016-08-16T14:12:29Z	3.1	181	-97.67226166666667	27.800233333333335
88	2016-08-16T14:14:45Z	3	181	-97.67225	27.800233333333335
88	2016-08-16T14:15:28Z	3.1	181	-97.67226166666667	27.800233333333335
88	2016-08-16T14:17:45Z	45	8	-97.666	27.807366666666667
88	2016-08-16T14:20:45Z	52	9	-97.65965	27.848283333333335
88	2016-08-16T14:21:27Z	28	9	-97.65791833333333	27.857416666666666
88	2016-08-16T14:23:45Z	15	275	-97.67521666666667	27.859733333333335
88	2016-08-16T14:24:27Z	3.7	8	-97.675995	27.860133333333334
107	2016-08-16T14:25:49Z	0	0	-97.83058333333334	30.44625
88	2016-08-16T14:26:45Z	44	295	-97.68006666666666	27.860766666666667
88	2016-08-16T14:27:26Z	52	298	-97.68968	27.865306666666665
107	2016-08-16T14:28:41Z	0.1	0	-97.83059166666666	30.446265
88	2016-08-16T14:29:45Z	52	283	-97.72596666666666	27.874433333333332
107	2016-08-16T14:30:11Z	0	0	-97.83058333333334	30.44625
107	2016-08-16T14:31:40Z	0.1	0	-97.83059166666666	30.446265
88	2016-08-16T14:32:45Z	48	284	-97.76893333333334	27.89425
88	2016-08-16T14:33:25Z	22.2	189	-97.77365	27.893771666666666
88	2016-08-16T14:36:24Z	2.2	268	-97.77597	27.88911
88	2016-08-16T14:37:45Z	2	268	-97.77596666666666	27.8891
88	2016-08-16T14:39:24Z	2.2	268	-97.77597	27.88911
120	2016-08-16T14:43:18Z	0	0	-97.83057333333333	30.446416666666668
120	2016-08-16T14:43:21Z	0	0	-97.83056666666667	30.446416666666668
111	2016-08-16T14:44:42Z	1.1	0	-97.83483166666667	30.444326666666665
120	2016-08-16T14:46:57Z	0.1	0	-97.831905	30.446633333333335
120	2016-08-16T14:47:00Z	0	0	-97.8319	30.446633333333335
111	2016-08-16T14:47:16Z	0	0	-97.83523833333334	30.444043333333333
111	2016-08-16T14:50:06Z	0	0	-97.83523833333334	30.444043333333333
113	2016-08-16T14:52:02Z	0.2	0	-97.83067166666666	30.446441666666665
113	2016-08-16T14:52:04Z	0	0	-97.83066666666667	30.446433333333335
120	2016-08-16T14:57:02Z	0	0	-97.83463333333333	30.4442
113	2016-08-16T14:57:11Z	0.1	0	-97.83053833333334	30.446423333333332
113	2016-08-16T14:57:12Z	0	0	-97.83053333333334	30.446416666666668
120	2016-08-16T14:57:12Z	0	0	-97.83058333333334	30.44635
113	2016-08-16T14:57:15Z	0.1	0	-97.83053833333334	30.446423333333332
120	2016-08-16T14:57:22Z	0	0	-97.83058333333334	30.44635
120	2016-08-16T14:57:32Z	0	0	-97.83058333333334	30.44635
113	2016-08-16T14:57:40Z	0.3	0	-97.83053166666667	30.446383333333333
120	2016-08-16T14:57:42Z	2	0	-97.83055	30.446366666666666
120	2016-08-16T14:57:52Z	2	0	-97.83055	30.446366666666666
120	2016-08-16T14:57:55Z	2.4	0	-97.83056	30.446371666666668
120	2016-08-16T14:57:56Z	2.4	0	-97.83056	30.446371666666668
111	2016-08-16T14:57:56Z	0	0	-97.83458333333333	30.444133333333333
120	2016-08-16T14:58:02Z	2	0	-97.83055	30.446366666666666
120	2016-08-16T14:58:12Z	2	0	-97.83055	30.446366666666666
120	2016-08-16T14:58:22Z	2	0	-97.83055	30.446366666666666
113	2016-08-16T14:58:32Z	0	0	-97.83051666666667	30.446466666666666
120	2016-08-16T15:00:44Z	2.4	0	-97.83056	30.446371666666668
113	2016-08-16T15:01:12Z	0.6	0	-97.83052666666667	30.446473333333333
120	2016-08-16T15:06:48Z	0	358	-97.83326166666667	30.443905
111	2016-08-16T15:07:36Z	0	27	-97.83223333333333	30.445683333333335
113	2016-08-16T15:18:19Z	0.7	0	-97.83054833333334	30.446438333333333
113	2016-08-16T15:18:21Z	0	0	-97.83053333333334	30.446433333333335
113	2016-08-16T15:21:09Z	0	0	-97.83053333333334	30.446433333333335
120	2016-08-16T15:25:23Z	0.8	0	-97.83187666666667	30.44585
120	2016-08-16T15:25:26Z	0	0	-97.83186666666667	30.44585
120	2016-08-16T15:28:20Z	0.8	0	-97.83187666666667	30.44585
111	2016-08-16T15:38:26Z	0	0	-97.83238333333334	30.444433333333333
113	2016-08-16T15:38:30Z	0	0	-97.83053333333334	30.446433333333335
120	2016-08-16T15:39:26Z	0	0	-97.83186666666667	30.44585
120	2016-08-16T15:41:17Z	0.2	0	-97.830575	30.446338333333333
120	2016-08-16T15:41:17Z	0.2	0	-97.830575	30.446338333333333
120	2016-08-16T15:41:18Z	0	0	-97.83056666666667	30.44633333333333
113	2016-08-16T15:42:20Z	0	0	-97.83065	30.44645
113	2016-08-16T15:43:26Z	0.6	0	-97.83066	30.446458333333332
113	2016-08-16T15:43:26Z	0.6	0	-97.83066	30.446458333333332
113	2016-08-16T15:43:27Z	0	0	-97.83065	30.44645
120	2016-08-16T15:44:09Z	0.2	0	-97.830575	30.446338333333333
111	2016-08-16T15:48:57Z	0	0	-97.83175	30.445516666666666
120	2016-08-16T15:49:00Z	0	0	-97.83056666666667	30.44633333333333
113	2016-08-16T15:49:02Z	0	0	-97.83065	30.44645
120	2016-08-16T15:49:14Z	0	0	-97.83056666666667	30.44633333333333
107	2016-08-16T15:49:23Z	0	0	-97.83048333333333	30.446366666666666
120	2016-08-16T15:49:24Z	0	0	-97.83056666666667	30.44633333333333
120	2016-08-16T15:49:34Z	0	0	-97.83056666666667	30.44633333333333
120	2016-08-16T15:49:44Z	0	0	-97.83056666666667	30.44633333333333
120	2016-08-16T15:49:54Z	0	0	-97.83056666666667	30.44633333333333
113	2016-08-16T15:50:01Z	0.2	0	-97.83067	30.446338333333333
113	2016-08-16T15:50:01Z	0.2	0	-97.83067	30.446338333333333
113	2016-08-16T15:50:02Z	0	0	-97.83066666666667	30.44633333333333
120	2016-08-16T15:50:04Z	0	0	-97.83056666666667	30.44633333333333
120	2016-08-16T15:50:14Z	0	0	-97.83056666666667	30.44633333333333
120	2016-08-16T15:50:24Z	0	0	-97.83056666666667	30.44633333333333
120	2016-08-16T15:50:34Z	0	0	-97.83056666666667	30.44633333333333
120	2016-08-16T15:50:44Z	0	0	-97.83056666666667	30.44633333333333
120	2016-08-16T15:50:54Z	0	0	-97.83056666666667	30.44633333333333
120	2016-08-16T15:51:04Z	0	0	-97.83056666666667	30.44633333333333
120	2016-08-16T15:51:14Z	0	0	-97.83056666666667	30.44633333333333
120	2016-08-16T15:51:24Z	0	0	-97.83056666666667	30.44633333333333
120	2016-08-16T15:51:34Z	0	0	-97.83056666666667	30.44633333333333
120	2016-08-16T15:51:44Z	0	0	-97.83056666666667	30.44633333333333
120	2016-08-16T15:51:54Z	0	0	-97.83056666666667	30.44633333333333
120	2016-08-16T15:52:04Z	0	0	-97.83056666666667	30.44633333333333
111	2016-08-16T15:52:07Z	0	0	-97.83426666666666	30.44535
120	2016-08-16T15:52:14Z	0	0	-97.83056666666667	30.44633333333333
120	2016-08-16T15:52:24Z	0	0	-97.83056666666667	30.44633333333333
120	2016-08-16T15:52:34Z	0	0	-97.83056666666667	30.44633333333333
120	2016-08-16T15:52:44Z	0	0	-97.83056666666667	30.44633333333333
113	2016-08-16T15:52:53Z	2.6	266	-97.830615	30.446438333333333
107	2016-08-16T15:53:02Z	0	0	-97.83049166666666	30.446375
107	2016-08-16T15:53:03Z	0	0	-97.83049166666666	30.446375
107	2016-08-16T15:53:04Z	0	0	-97.83048333333333	30.446366666666666
120	2016-08-16T15:53:04Z	0	0	-97.83056666666667	30.44633333333333
113	2016-08-16T15:53:09Z	2	266	-97.8306	30.446433333333335
120	2016-08-16T15:53:14Z	0	0	-97.83058333333334	30.446433333333335
120	2016-08-16T15:53:24Z	0	0	-97.83058333333334	30.446433333333335
120	2016-08-16T15:53:34Z	0	0	-97.83058333333334	30.446433333333335
120	2016-08-16T15:53:44Z	0	0	-97.83058333333334	30.446433333333335
107	2016-08-16T15:53:57Z	0	0	-97.83048333333333	30.446366666666666
120	2016-08-16T15:54:01Z	0	0	-97.83059333333334	30.446441666666665
120	2016-08-16T15:54:02Z	0	0	-97.83059333333334	30.446441666666665
120	2016-08-16T15:54:03Z	0	0	-97.83058333333334	30.446433333333335
120	2016-08-16T15:54:12Z	0	0	-97.83058333333334	30.446433333333335
120	2016-08-16T15:54:22Z	0	0	-97.83058333333334	30.446433333333335
120	2016-08-16T15:54:32Z	0	0	-97.83058333333334	30.446433333333335
120	2016-08-16T15:54:42Z	0	0	-97.83058333333334	30.446433333333335
120	2016-08-16T15:54:52Z	0	0	-97.83058333333334	30.446433333333335
120	2016-08-16T15:55:02Z	0	0	-97.83058333333334	30.446433333333335
120	2016-08-16T15:55:12Z	0	0	-97.83058333333334	30.446433333333335
113	2016-08-16T15:55:52Z	3.5	325	-97.83055833333333	30.446461666666668
120	2016-08-16T15:55:56Z	0	0	-97.83058333333334	30.446433333333335
107	2016-08-16T15:55:58Z	0	0	-97.83049166666666	30.446375
120	2016-08-16T15:56:06Z	0	0	-97.83058333333334	30.446433333333335
120	2016-08-16T15:56:16Z	0	0	-97.83058333333334	30.446433333333335
120	2016-08-16T15:56:56Z	0	0	-97.83059333333334	30.446441666666665
113	2016-08-16T15:58:06Z	0	0	-97.83053333333334	30.446366666666666
107	2016-08-16T15:58:57Z	0	0	-97.83049166666666	30.446375
107	2016-08-16T15:58:57Z	0	0	-97.83048333333333	30.446366666666666
113	2016-08-16T15:59:52Z	0.1	0	-97.83140166666666	30.446835
113	2016-08-16T15:59:54Z	0	0	-97.8314	30.446833333333334
113	2016-08-16T16:02:48Z	0.1	0	-97.83140166666666	30.446835
113	2016-08-16T16:03:41Z	0	0	-97.8314	30.446833333333334
120	2016-08-16T16:04:32Z	0	0	-97.83058333333334	30.446433333333335
111	2016-08-16T16:04:32Z	0	0	-97.83033333333333	30.4461
113	2016-08-16T16:04:34Z	3.4	0	-97.83056666666667	30.446348333333333
113	2016-08-16T16:04:34Z	0	0	-97.8314	30.446833333333334
107	2016-08-16T16:04:35Z	0	0	-97.83048333333333	30.446366666666666
113	2016-08-16T16:04:36Z	2.9	0	-97.83056833333333	30.44638
120	2016-08-16T16:04:39Z	0	0	-97.83058333333334	30.446433333333335
120	2016-08-16T16:04:49Z	0	0	-97.83058333333334	30.446433333333335
120	2016-08-16T16:04:59Z	0	0	-97.83058333333334	30.446433333333335
113	2016-08-16T16:07:27Z	2.2	0	-97.83058333333334	30.44637833333333
120	2016-08-16T16:07:36Z	1	0	-97.83055	30.446413333333332
120	2016-08-16T16:07:36Z	1	0	-97.83055	30.446413333333332
120	2016-08-16T16:07:37Z	1	0	-97.83055	30.4464
113	2016-08-16T16:08:29Z	2	0	-97.83058333333334	30.446366666666666
107	2016-08-16T16:08:40Z	0	0	-97.83058333333334	30.4464
111	2016-08-16T16:21:58Z	0	0	-97.83081666666666	30.4466
113	2016-08-16T16:22:05Z	0	0	-97.83058333333334	30.446366666666666
120	2016-08-16T16:22:29Z	0	0	-97.83055	30.4464
120	2016-08-16T16:22:41Z	0	0	-97.83055	30.4464
120	2016-08-16T16:22:51Z	0	0	-97.83055	30.4464
120	2016-08-16T16:23:01Z	0	0	-97.83088333333333	30.44655
107	2016-08-16T16:23:11Z	0	0	-97.83065	30.4465
120	2016-08-16T16:23:21Z	1.6	0	-97.83088833333333	30.446553333333334
120	2016-08-16T16:23:21Z	1	0	-97.83088333333333	30.44655
120	2016-08-16T16:23:22Z	1.6	0	-97.83088833333333	30.446553333333334
120	2016-08-16T16:23:31Z	1	0	-97.83088333333333	30.44655
120	2016-08-16T16:23:41Z	1	0	-97.83088333333333	30.44655
120	2016-08-16T16:23:51Z	2	0	-97.83073333333333	30.4465
113	2016-08-16T16:23:58Z	2.2	271	-97.83072666666666	30.44648
113	2016-08-16T16:23:58Z	2.2	271	-97.83072666666666	30.44648
113	2016-08-16T16:23:59Z	2	271	-97.83071666666666	30.446466666666666
120	2016-08-16T16:24:01Z	2	0	-97.83073333333333	30.4465
120	2016-08-16T16:24:11Z	2	0	-97.83073333333333	30.4465
120	2016-08-16T16:24:21Z	2	329	-97.83075	30.446516666666668
120	2016-08-16T16:24:31Z	8	316	-97.83091666666667	30.4466
120	2016-08-16T16:24:41Z	6	329	-97.83121666666666	30.4468
107	2016-08-16T16:24:45Z	13.2	26	-97.83108833333333	30.446925
107	2016-08-16T16:24:47Z	12	28	-97.83101666666667	30.447033333333334
120	2016-08-16T16:24:51Z	4	23	-97.831	30.4472
120	2016-08-16T16:25:01Z	18	23	-97.83105	30.44755
120	2016-08-16T16:25:11Z	34	22	-97.83041666666666	30.448883333333335
120	2016-08-16T16:25:21Z	29	22	-97.82976666666667	30.4502
120	2016-08-16T16:25:31Z	24	22	-97.82928333333334	30.451216666666667
120	2016-08-16T16:25:41Z	11	23	-97.82888333333334	30.452016666666665
120	2016-08-16T16:25:51Z	2	24	-97.82885	30.4521
120	2016-08-16T16:26:01Z	5	24	-97.82881666666667	30.452166666666667
120	2016-08-16T16:26:11Z	24	34	-97.82836666666667	30.4529
111	2016-08-16T16:26:16Z	20	42	-97.82798333333334	30.453316666666666
120	2016-08-16T16:26:18Z	18.3	42	-97.82785333333334	30.45345
120	2016-08-16T16:26:21Z	14	42	-97.82766666666667	30.453616666666665
120	2016-08-16T16:26:31Z	4	43	-97.8274	30.453866666666666
113	2016-08-16T16:26:37Z	4	42	-97.8274	30.453866666666666
120	2016-08-16T16:26:41Z	4	43	-97.8274	30.453866666666666
120	2016-08-16T16:26:51Z	9	41	-97.82728333333333	30.454
113	2016-08-16T16:26:53Z	14.2	41	-97.82718833333334	30.454088333333335
120	2016-08-16T16:27:01Z	22	43	-97.82658333333333	30.45465
120	2016-08-16T16:27:11Z	26	42	-97.82565	30.455516666666668
120	2016-08-16T16:27:21Z	24	42	-97.82471666666666	30.456383333333335
107	2016-08-16T16:27:29Z	29	41	-97.82398333333333	30.457083333333333
120	2016-08-16T16:27:31Z	31	41	-97.82375	30.4573
107	2016-08-16T16:27:36Z	31.4	41	-97.82321833333333	30.457845
120	2016-08-16T16:27:41Z	33	40	-97.82261666666666	30.45841666666667
120	2016-08-16T16:27:51Z	26	41	-97.82153333333333	30.459483333333335
120	2016-08-16T16:28:01Z	10	43	-97.82086666666666	30.460116666666668
120	2016-08-16T16:28:11Z	18	50	-97.82045	30.460433333333334
120	2016-08-16T16:28:21Z	25	66	-97.8193	30.461033333333333
111	2016-08-16T16:28:24Z	20	66	-97.8207	30.460816666666666
120	2016-08-16T16:28:31Z	15	69	-97.81831666666666	30.46135
120	2016-08-16T16:28:41Z	4	70	-97.81776666666667	30.461533333333332
120	2016-08-16T16:28:51Z	3	69	-97.81768333333333	30.461566666666666
120	2016-08-16T16:29:01Z	20	69	-97.81721666666667	30.461716666666668
120	2016-08-16T16:29:11Z	28	69	-97.81588333333333	30.46215
120	2016-08-16T16:29:18Z	30.2	69	-97.814835	30.462498333333333
120	2016-08-16T16:29:21Z	30	69	-97.81438333333334	30.462633333333333
120	2016-08-16T16:29:31Z	29	70	-97.81288333333333	30.463116666666668
120	2016-08-16T16:29:41Z	33	69	-97.8113	30.463616666666667
120	2016-08-16T16:29:51Z	35	69	-97.8096	30.464166666666667
113	2016-08-16T16:29:52Z	34.5	69	-97.80945	30.464246666666668
120	2016-08-16T16:30:01Z	31	69	-97.80795	30.464666666666666
120	2016-08-16T16:30:11Z	36	70	-97.80616666666667	30.465216666666667
120	2016-08-16T16:30:21Z	38	70	-97.8043	30.4658
120	2016-08-16T16:30:31Z	30	70	-97.80248333333333	30.466366666666666
107	2016-08-16T16:30:36Z	35.2	70	-97.80168333333333	30.466665
120	2016-08-16T16:30:41Z	35	70	-97.80075	30.466916666666666
120	2016-08-16T16:30:51Z	29	70	-97.79921666666667	30.467383333333334
120	2016-08-16T16:31:01Z	24	71	-97.79786666666666	30.467766666666666
120	2016-08-16T16:31:11Z	14	149	-97.79728333333334	30.467666666666666
120	2016-08-16T16:31:21Z	30	162	-97.79678333333334	30.466516666666667
120	2016-08-16T16:31:31Z	5	159	-97.79646666666666	30.465716666666665
113	2016-08-16T16:31:37Z	5	159	-97.79645	30.465733333333333
120	2016-08-16T16:31:41Z	5	159	-97.79646666666666	30.465716666666665
120	2016-08-16T16:31:51Z	5	159	-97.79646666666666	30.465716666666665
120	2016-08-16T16:32:01Z	14	154	-97.79638333333334	30.465566666666668
120	2016-08-16T16:32:11Z	22	163	-97.79596666666667	30.464583333333334
120	2016-08-16T16:32:17Z	28.4	159	-97.795695	30.463865
120	2016-08-16T16:32:21Z	26	159	-97.79548333333334	30.463366666666666
107	2016-08-16T16:32:29Z	25	159	-97.79508333333334	30.4624
120	2016-08-16T16:32:31Z	24	157	-97.795	30.462216666666666
120	2016-08-16T16:32:41Z	7	160	-97.79466666666667	30.4615
120	2016-08-16T16:32:51Z	2	158	-97.79463333333334	30.461433333333332
113	2016-08-16T16:32:52Z	2.1	160	-97.79464166666666	30.461433333333332
120	2016-08-16T16:33:01Z	2	158	-97.79463333333334	30.461433333333332
111	2016-08-16T16:33:08Z	2	161	-97.79468333333334	30.46145
120	2016-08-16T16:33:11Z	2	158	-97.79463333333334	30.461433333333332
107	2016-08-16T16:33:35Z	2.1	160	-97.79463333333334	30.46143
120	2016-08-16T16:34:07Z	2	158	-97.79463333333334	30.461433333333332
120	2016-08-16T16:34:17Z	2	158	-97.79463333333334	30.461433333333332
120	2016-08-16T16:34:27Z	2	158	-97.79463333333334	30.461433333333332
120	2016-08-16T16:34:39Z	2	158	-97.79463333333334	30.461433333333332
120	2016-08-16T16:34:47Z	11	132	-97.79448333333333	30.461166666666667
120	2016-08-16T16:34:57Z	23	70	-97.7934	30.461383333333334
120	2016-08-16T16:35:07Z	9	127	-97.79261666666666	30.46155
120	2016-08-16T16:35:17Z	3.9	98	-97.79236	30.46128
120	2016-08-16T16:35:17Z	3	98	-97.79235	30.461266666666667
120	2016-08-16T16:35:27Z	6	32	-97.79195	30.461483333333334
120	2016-08-16T16:35:37Z	8	104	-97.79178333333333	30.46165
120	2016-08-16T16:35:47Z	13	247	-97.79175	30.461366666666667
113	2016-08-16T16:35:51Z	10	223	-97.79195833333333	30.461275
120	2016-08-16T16:35:57Z	17	160	-97.79185	30.460883333333335
120	2016-08-16T16:36:07Z	3	171	-97.79163333333334	30.460283333333333
120	2016-08-16T16:36:17Z	19	160	-97.79136666666666	30.45955
120	2016-08-16T16:36:27Z	5	174	-97.79118333333334	30.459116666666667
107	2016-08-16T16:36:34Z	13.4	280	-97.79153166666667	30.458993333333332
120	2016-08-16T16:36:37Z	11	282	-97.79175	30.459066666666665
113	2016-08-16T16:36:37Z	11	285	-97.79173333333334	30.45905
120	2016-08-16T16:36:47Z	5	197	-97.79198333333333	30.458983333333332
120	2016-08-16T16:36:57Z	4	156	-97.79196666666667	30.458933333333334
120	2016-08-16T16:37:07Z	2	175	-97.79198333333333	30.458883333333333
120	2016-08-16T16:37:17Z	2	212	-97.79206666666667	30.458866666666665
120	2016-08-16T16:37:27Z	2	201	-97.7921	30.458833333333335
107	2016-08-16T16:37:29Z	2	216	-97.79208333333334	30.45885
120	2016-08-16T16:37:37Z	2	201	-97.7921	30.458833333333335
120	2016-08-16T16:37:47Z	2	206	-97.79213333333334	30.458833333333335
120	2016-08-16T16:37:57Z	2	206	-97.79213333333334	30.458833333333335
120	2016-08-16T16:38:07Z	2	206	-97.79213333333334	30.458833333333335
111	2016-08-16T16:38:08Z	2	0	-97.79206666666667	30.458866666666665
120	2016-08-16T16:38:16Z	2.3	206	-97.79214666666667	30.458848333333332
120	2016-08-16T16:38:17Z	2	206	-97.79213333333334	30.458833333333335
120	2016-08-16T16:38:27Z	2	206	-97.79213333333334	30.458833333333335
120	2016-08-16T16:38:37Z	2	206	-97.79213333333334	30.458833333333335
120	2016-08-16T16:38:47Z	2	206	-97.79213333333334	30.458833333333335
113	2016-08-16T16:38:51Z	2.3	0	-97.792105	30.458823333333335
120	2016-08-16T16:38:57Z	2	201	-97.79221666666666	30.45875
120	2016-08-16T16:39:07Z	2	201	-97.79221666666666	30.45875
120	2016-08-16T16:39:27Z	2	201	-97.79221666666666	30.45875
107	2016-08-16T16:39:34Z	2.1	216	-97.792085	30.458849999999998
120	2016-08-16T16:39:37Z	2	201	-97.79221666666666	30.45875
120	2016-08-16T16:39:47Z	2	201	-97.79221666666666	30.45875
120	2016-08-16T16:39:57Z	2	201	-97.79221666666666	30.45875
120	2016-08-16T16:41:16Z	2.3	201	-97.79222333333334	30.458751666666668
113	2016-08-16T16:41:37Z	2	0	-97.7921	30.458816666666667
113	2016-08-16T16:41:50Z	2.3	0	-97.792105	30.458823333333335
120	2016-08-16T16:41:59Z	2	201	-97.79221666666666	30.45875
120	2016-08-16T16:42:09Z	2	201	-97.79221666666666	30.45875
120	2016-08-16T16:42:19Z	2	201	-97.79221666666666	30.45875
120	2016-08-16T16:42:29Z	2	201	-97.79221666666666	30.45875
107	2016-08-16T16:42:29Z	2	216	-97.79208333333334	30.45885
107	2016-08-16T16:42:33Z	2.1	216	-97.792085	30.458849999999998
120	2016-08-16T16:42:39Z	2	201	-97.79221666666666	30.45875
120	2016-08-16T16:42:49Z	2	201	-97.79221666666666	30.45875
120	2016-08-16T16:42:59Z	2	201	-97.79221666666666	30.45875
120	2016-08-16T16:43:09Z	2	201	-97.79221666666666	30.45875
120	2016-08-16T16:43:19Z	2	201	-97.79221666666666	30.45875
120	2016-08-16T16:43:29Z	2	251	-97.79223333333333	30.45875
120	2016-08-16T16:43:39Z	4	254	-97.79235	30.458733333333335
120	2016-08-16T16:43:49Z	4	254	-97.79235	30.458733333333335
120	2016-08-16T16:44:15Z	4.3	254	-97.792355	30.458738333333333
120	2016-08-16T16:44:32Z	4	254	-97.79235	30.458733333333335
120	2016-08-16T16:44:42Z	4	254	-97.79235	30.458733333333335
113	2016-08-16T16:44:50Z	2.3	0	-97.792105	30.458823333333335
120	2016-08-16T16:44:52Z	4	254	-97.79235	30.458733333333335
120	2016-08-16T16:45:27Z	4	254	-97.79235	30.458733333333335
107	2016-08-16T16:45:33Z	2.1	216	-97.792085	30.458849999999998
120	2016-08-16T16:45:37Z	4	254	-97.79235	30.458733333333335
120	2016-08-16T16:45:47Z	4	254	-97.79235	30.458733333333335
120	2016-08-16T16:45:57Z	4	254	-97.79235	30.458733333333335
120	2016-08-16T16:46:07Z	4	254	-97.79235	30.458733333333335
120	2016-08-16T16:46:17Z	4	254	-97.79235	30.458733333333335
120	2016-08-16T16:46:27Z	4	254	-97.79235	30.458733333333335
113	2016-08-16T16:46:37Z	2	0	-97.7921	30.458816666666667
120	2016-08-16T16:47:15Z	4.3	254	-97.792355	30.458738333333333
107	2016-08-16T16:47:29Z	2	216	-97.79208333333334	30.45885
113	2016-08-16T16:47:49Z	2.3	0	-97.792105	30.458823333333335
107	2016-08-16T16:48:32Z	2.1	216	-97.792085	30.458849999999998
120	2016-08-16T16:50:14Z	4.3	254	-97.792355	30.458738333333333
113	2016-08-16T16:50:49Z	2.3	0	-97.792105	30.458823333333335
120	2016-08-16T16:59:34Z	0	254	-97.79235	30.458733333333335
120	2016-08-16T16:59:39Z	0	254	-97.79235	30.458733333333335
113	2016-08-16T16:59:44Z	2	0	-97.79271666666666	30.45825
120	2016-08-16T17:00:09Z	0	0	-97.7921	30.458683333333333
107	2016-08-16T17:00:16Z	0	216	-97.79208333333334	30.45885
114	2016-08-16T17:00:16Z	0	212	-97.79206666666667	30.458866666666665
120	2016-08-16T17:00:19Z	0	0	-97.7921	30.458683333333333
120	2016-08-16T17:00:29Z	0	0	-97.7921	30.458683333333333
120	2016-08-16T17:01:30Z	0	0	-97.7921	30.458683333333333
120	2016-08-16T17:01:40Z	0	0	-97.7921	30.458683333333333
120	2016-08-16T17:01:50Z	0	0	-97.7921	30.458683333333333
120	2016-08-16T17:02:00Z	0	0	-97.7921	30.458683333333333
88	2016-08-16T17:02:19Z	0	0	-97.77603333333333	27.889133333333334
113	2016-08-16T17:02:26Z	2.2	0	-97.79272333333333	30.458265
88	2016-08-16T17:02:43Z	0.1	0	-97.77604666666667	27.889136666666666
120	2016-08-16T17:03:31Z	1.1	0	-97.79210666666667	30.458685
120	2016-08-16T17:03:31Z	1.1	0	-97.79210666666667	30.458685
120	2016-08-16T17:03:32Z	1	0	-97.7921	30.458683333333333
113	2016-08-16T17:03:32Z	2	0	-97.79271666666666	30.45825
88	2016-08-16T17:03:49Z	0	0	-97.77603333333333	27.889133333333334
107	2016-08-16T17:04:18Z	0	0	-97.79230666666666	30.458775
107	2016-08-16T17:04:19Z	0	0	-97.79230666666666	30.458775
107	2016-08-16T17:04:20Z	0	0	-97.7923	30.458766666666666
114	2016-08-16T17:04:44Z	0	0	-97.79158333333334	30.458666666666666
107	2016-08-16T17:04:47Z	0	0	-97.7923	30.458766666666666
113	2016-08-16T17:05:26Z	2.2	0	-97.79272333333333	30.458265
88	2016-08-16T17:05:43Z	0.1	0	-97.77604666666667	27.889136666666666
120	2016-08-16T17:06:27Z	1.1	0	-97.79210666666667	30.458685
88	2016-08-16T17:10:20Z	0	0	-97.77601666666666	27.889083333333332
88	2016-08-16T17:14:28Z	0	0	-97.77602666666667	27.889085
88	2016-08-16T17:14:30Z	0	0	-97.77601666666666	27.889083333333332
120	2016-08-16T17:24:41Z	0	0	-97.7921	30.458683333333333
120	2016-08-16T17:26:35Z	0.2	0	-97.792345	30.458583333333333
120	2016-08-16T17:26:35Z	0.2	0	-97.792345	30.458583333333333
120	2016-08-16T17:26:36Z	0	0	-97.79233333333333	30.458583333333333
120	2016-08-16T17:28:38Z	0	0	-97.79233333333333	30.458583333333333
107	2016-08-16T17:40:13Z	0	0	-97.7922	30.45855
120	2016-08-16T17:40:19Z	0	0	-97.7921	30.458683333333333
113	2016-08-16T17:40:23Z	0	0	-97.7923	30.458633333333335
110	2016-08-16T17:40:24Z	0	0	-97.79175	30.458766666666666
107	2016-08-16T17:43:02Z	2.3	249	-97.79228666666667	30.45868
113	2016-08-16T17:43:12Z	0.5	0	-97.79230166666666	30.458643333333335
107	2016-08-16T17:44:13Z	2	177	-97.79221666666666	30.4587
113	2016-08-16T17:44:16Z	2	174	-97.79216666666667	30.458733333333335
110	2016-08-16T17:44:19Z	0	165	-97.79213333333334	30.458733333333335
120	2016-08-16T17:44:42Z	0	182	-97.79223333333333	30.4587
107	2016-08-16T17:46:02Z	2.4	177	-97.79222333333334	30.458708333333334
113	2016-08-16T17:46:11Z	2	174	-97.79217166666666	30.45874166666667
120	2016-08-16T17:47:06Z	1	66	-97.79331666666667	30.458483333333334
120	2016-08-16T17:48:41Z	3	352	-97.79220666666667	30.45912
120	2016-08-16T17:48:44Z	3	352	-97.7922	30.459116666666667
107	2016-08-16T17:49:01Z	2.8	349	-97.79214333333333	30.459065
113	2016-08-16T17:49:11Z	2.8	352	-97.79213666666666	30.459066666666665
107	2016-08-16T17:49:13Z	2	349	-97.79213333333334	30.45905
113	2016-08-16T17:49:16Z	2	352	-97.79213333333334	30.459066666666665
88	2016-08-16T17:50:31Z	0	0	-97.77601666666666	27.88915
88	2016-08-16T17:51:05Z	0	0	-97.776025	27.88915
88	2016-08-16T17:51:19Z	0	0	-97.77601666666666	27.88915
88	2016-08-16T17:51:22Z	0	0	-97.77601666666666	27.889133333333334
120	2016-08-16T17:51:37Z	3	352	-97.79220666666667	30.45912
107	2016-08-16T17:52:01Z	2.8	349	-97.79214333333333	30.459065
120	2016-08-16T17:52:02Z	3	352	-97.7922	30.459116666666667
113	2016-08-16T17:52:10Z	2.8	352	-97.79213666666666	30.459066666666665
88	2016-08-16T17:54:04Z	13.8	95	-97.77318333333334	27.89509333333333
107	2016-08-16T17:54:13Z	2	349	-97.79213333333334	30.45905
113	2016-08-16T17:54:16Z	2	352	-97.79213333333334	30.459066666666665
88	2016-08-16T17:54:21Z	43	103	-97.77046666666666	27.8945
120	2016-08-16T17:54:36Z	3	352	-97.79220666666667	30.45912
107	2016-08-16T17:55:00Z	2.8	349	-97.79214333333333	30.459065
113	2016-08-16T17:55:10Z	2.8	352	-97.79213666666666	30.459066666666665
88	2016-08-16T17:57:04Z	56.2	103	-97.729685	27.875123333333335
88	2016-08-16T17:57:21Z	56	104	-97.72483333333334	27.87405
113	2016-08-16T17:58:46Z	0	352	-97.79213333333334	30.459066666666665
113	2016-08-16T17:59:16Z	0	352	-97.79213333333334	30.459066666666665
88	2016-08-16T18:00:03Z	47.4	118	-97.68156333333333	27.861303333333332
88	2016-08-16T18:00:21Z	38	103	-97.67773333333334	27.8599
113	2016-08-16T18:01:50Z	0.9	0	-97.79222833333333	30.459208333333333
113	2016-08-16T18:01:50Z	0.9	0	-97.79222833333333	30.459208333333333
113	2016-08-16T18:01:51Z	0	0	-97.79221666666666	30.4592
88	2016-08-16T18:03:02Z	5.4	95	-97.645075	27.857148333333335
88	2016-08-16T18:03:21Z	29	95	-97.6432	27.856983333333332
111	2016-08-16T18:04:24Z	0	0	-97.79211666666667	30.459033333333334
107	2016-08-16T18:04:25Z	0	349	-97.79213333333334	30.45905
120	2016-08-16T18:04:26Z	0	352	-97.7922	30.459116666666667
113	2016-08-16T18:04:27Z	0	352	-97.79213333333334	30.459066666666665
107	2016-08-16T18:05:27Z	0	0	-97.79212333333334	30.459065
107	2016-08-16T18:05:28Z	0	0	-97.79212333333334	30.459065
107	2016-08-16T18:05:29Z	0	0	-97.79211666666667	30.45905
88	2016-08-16T18:06:02Z	2.4	96	-97.63073	27.855971666666665
88	2016-08-16T18:06:21Z	2	96	-97.63071666666667	27.855966666666667
120	2016-08-16T18:06:28Z	0.6	0	-97.792195	30.459125
120	2016-08-16T18:06:28Z	0.6	0	-97.792195	30.459125
120	2016-08-16T18:06:29Z	0	0	-97.79218333333333	30.459116666666667
107	2016-08-16T18:08:22Z	0	0	-97.79212333333334	30.459065
113	2016-08-16T18:08:25Z	0	0	-97.79206666666667	30.459116666666667
107	2016-08-16T18:08:55Z	0	0	-97.79211666666667	30.45905
120	2016-08-16T18:08:56Z	0	0	-97.79218333333333	30.459116666666667
88	2016-08-16T18:09:01Z	2.4	166	-97.62684166666666	27.860176666666668
120	2016-08-16T18:09:23Z	0.6	0	-97.792195	30.459125
111	2016-08-16T18:09:26Z	0	0	-97.7921	30.459033333333334
120	2016-08-16T18:10:21Z	0	0	-97.79218333333333	30.459116666666667
113	2016-08-16T18:10:30Z	0	0	-97.79206666666667	30.459116666666667
88	2016-08-16T18:11:21Z	2	166	-97.62683333333334	27.860166666666668
107	2016-08-16T18:11:21Z	3.1	238	-97.792425	30.458913333333335
111	2016-08-16T18:11:25Z	0	220	-97.79331666666667	30.45916666666667
113	2016-08-16T18:11:33Z	26	341	-97.79271666666666	30.45935
88	2016-08-16T18:12:01Z	2.4	166	-97.62684166666666	27.860176666666668
107	2016-08-16T18:13:55Z	4	342	-97.7897	30.470133333333333
120	2016-08-16T18:14:20Z	4	342	-97.78968333333333	30.4701
107	2016-08-16T18:14:21Z	4	342	-97.789715	30.470143333333333
111	2016-08-16T18:16:17Z	2	341	-97.79445	30.479283333333335
113	2016-08-16T18:16:28Z	2	340	-97.79438333333333	30.479283333333335
107	2016-08-16T18:17:20Z	5	340	-97.79446	30.47931
107	2016-08-16T18:18:55Z	5	340	-97.79445	30.4793
120	2016-08-16T18:19:19Z	0	0	-97.79385	30.478883333333332
113	2016-08-16T18:19:21Z	0	0	-97.79441666666666	30.47545
113	2016-08-16T18:19:43Z	0	0	-97.79432	30.479326666666665
113	2016-08-16T18:19:46Z	0	0	-97.79431666666666	30.479316666666666
107	2016-08-16T18:20:20Z	5	340	-97.79446	30.47931
120	2016-08-16T18:21:51Z	0	0	-97.79438333333333	30.479283333333335
113	2016-08-16T18:22:31Z	0	0	-97.79431666666666	30.479316666666666
113	2016-08-16T18:22:38Z	0	0	-97.79432	30.479326666666665
107	2016-08-16T18:23:19Z	5	340	-97.79446	30.47931
107	2016-08-16T18:23:55Z	5	340	-97.79445	30.4793
120	2016-08-16T18:26:43Z	0	0	-97.79472333333334	30.478325
120	2016-08-16T18:26:45Z	0	0	-97.79471666666667	30.478316666666668
120	2016-08-16T18:28:29Z	0	0	-97.79471666666667	30.478316666666668
111	2016-08-16T18:30:56Z	0	0	-97.79443333333333	30.477
113	2016-08-16T18:30:58Z	0	0	-97.79431666666666	30.479316666666666
120	2016-08-16T18:31:40Z	0	0	-97.79471666666667	30.478316666666668
120	2016-08-16T18:31:42Z	1.4	0	-97.79429666666667	30.47932
107	2016-08-16T18:31:42Z	0	340	-97.79445	30.4793
120	2016-08-16T18:31:43Z	1.4	0	-97.79429666666667	30.47932
107	2016-08-16T18:32:47Z	3.5	254	-97.79482666666667	30.479265
107	2016-08-16T18:32:48Z	8	268	-97.79486333333334	30.479266666666668
107	2016-08-16T18:32:49Z	11	284	-97.7949	30.479266666666668
113	2016-08-16T18:33:59Z	22.7	260	-97.798525	30.478545
113	2016-08-16T18:34:00Z	21.5	261	-97.79864166666667	30.478528333333333
113	2016-08-16T18:34:01Z	19	263	-97.79873333333333	30.478516666666668
120	2016-08-16T18:34:38Z	2.6	77	-97.79847833333334	30.477708333333332
113	2016-08-16T18:35:16Z	2	80	-97.7985	30.4777
111	2016-08-16T18:35:29Z	2	78	-97.79848333333334	30.4777
107	2016-08-16T18:35:39Z	2.4	77	-97.79849833333333	30.47767
120	2016-08-16T18:35:47Z	9	66	-97.79836666666667	30.47765
107	2016-08-16T18:36:06Z	20	88	-97.79675	30.478116666666665
113	2016-08-16T18:36:54Z	24.1	172	-97.79434166666667	30.475873333333332
120	2016-08-16T18:37:37Z	3.1	350	-97.795405	30.47535
111	2016-08-16T18:38:16Z	0	336	-97.79548333333334	30.475516666666667
107	2016-08-16T18:38:39Z	21.1	244	-97.79560333333333	30.474785
113	2016-08-16T18:39:54Z	20.1	245	-97.798465	30.473236666666665
113	2016-08-16T18:40:16Z	17	247	-97.80155	30.472166666666666
120	2016-08-16T18:40:37Z	8.3	250	-97.80185833333333	30.472058333333333
120	2016-08-16T18:40:47Z	25	177	-97.80206666666666	30.47136666666667
107	2016-08-16T18:41:06Z	4	217	-97.80271666666667	30.469766666666665
107	2016-08-16T18:41:38Z	10.7	217	-97.804975	30.469765
88	2016-08-16T18:42:33Z	0	0	-97.6268	27.860133333333334
113	2016-08-16T18:42:53Z	3.4	44	-97.80595666666666	30.470431666666666
88	2016-08-16T18:42:58Z	0	0	-97.626805	27.860146666666665
120	2016-08-16T18:43:36Z	3.3	46	-97.80591833333334	30.470421666666667
107	2016-08-16T18:44:37Z	3.3	43	-97.80596166666666	30.470436666666668
113	2016-08-16T18:45:16Z	3	44	-97.80595	30.470416666666665
88	2016-08-16T18:45:30Z	14	233	-97.62613333333333	27.858233333333335
120	2016-08-16T18:45:47Z	3	46	-97.80591666666666	30.470416666666665
113	2016-08-16T18:45:53Z	3.4	44	-97.80595666666666	30.470431666666666
88	2016-08-16T18:45:58Z	11	238	-97.62902666666666	27.856415
107	2016-08-16T18:46:06Z	3	43	-97.80595	30.470433333333332
120	2016-08-16T18:46:36Z	3.3	46	-97.80591833333334	30.470421666666667
111	2016-08-16T18:47:55Z	3	43	-97.80593333333333	30.47045
88	2016-08-16T18:48:30Z	46	275	-97.65243333333333	27.85785
88	2016-08-16T18:48:57Z	5.6	275	-97.657555	27.85828
88	2016-08-16T18:51:30Z	55	296	-97.69351666666667	27.867133333333335
88	2016-08-16T18:51:56Z	56.1	283	-97.70085333333333	27.869025
120	2016-08-16T18:51:57Z	0	46	-97.80591666666666	30.470416666666665
111	2016-08-16T18:51:59Z	0	0	-97.80596666666666	30.470433333333332
107	2016-08-16T18:52:03Z	0	43	-97.80595	30.470433333333332
88	2016-08-16T18:54:30Z	56	304	-97.74291666666667	27.8822
88	2016-08-16T18:54:56Z	56.1	291	-97.74985166666667	27.885025
111	2016-08-16T18:55:00Z	7	112	-97.80438333333333	30.46835
120	2016-08-16T18:56:11Z	2	67	-97.80203333333333	30.468433333333333
107	2016-08-16T18:56:16Z	3	71	-97.80201666666666	30.46845
120	2016-08-16T18:57:02Z	2.9	67	-97.80203833333333	30.468438333333335
120	2016-08-16T18:57:02Z	2.9	67	-97.80203833333333	30.468438333333335
120	2016-08-16T18:57:03Z	2	67	-97.80203333333333	30.468433333333333
88	2016-08-16T18:57:30Z	28	189	-97.77561666666666	27.892683333333334
88	2016-08-16T18:57:55Z	13.8	188	-97.77620833333333	27.889721666666667
107	2016-08-16T18:59:10Z	38	249	-97.80721666666666	30.464933333333335
120	2016-08-16T18:59:58Z	5.4	250	-97.81524333333333	30.462475
111	2016-08-16T19:00:00Z	3	250	-97.81525	30.46245
107	2016-08-16T19:00:38Z	3.2	249	-97.81523	30.462431666666667
107	2016-08-16T19:00:41Z	3	249	-97.81521666666667	30.462416666666666
88	2016-08-16T19:00:55Z	3.5	99	-97.77605333333334	27.889131666666668
120	2016-08-16T19:01:11Z	37	249	-97.81763333333333	30.461683333333333
88	2016-08-16T19:02:30Z	3	99	-97.77605	27.889116666666666
120	2016-08-16T19:02:58Z	14.6	197	-97.831515	30.446851666666667
88	2016-08-16T19:03:04Z	3	99	-97.77605	27.889116666666666
88	2016-08-16T19:03:06Z	3	99	-97.77605	27.889116666666666
107	2016-08-16T19:03:35Z	2.7	118	-97.83081333333334	30.446513333333332
107	2016-08-16T19:03:49Z	2	118	-97.8308	30.4465
88	2016-08-16T19:03:54Z	3.5	99	-97.77605333333334	27.889131666666668
120	2016-08-16T19:05:57Z	28.1	35	-97.82829833333334	30.452911666666665
120	2016-08-16T19:06:11Z	40	43	-97.8264	30.454733333333333
107	2016-08-16T19:06:35Z	42.7	41	-97.82374	30.457336666666667
88	2016-08-16T19:06:54Z	3.5	99	-97.77605333333334	27.889131666666668
88	2016-08-16T19:07:25Z	3	99	-97.77605	27.889116666666666
107	2016-08-16T19:08:49Z	32	159	-97.80368333333334	30.46505
120	2016-08-16T19:08:57Z	33	139	-97.80315666666667	30.46393
107	2016-08-16T19:09:34Z	9.9	53	-97.80012333333333	30.464441666666666
88	2016-08-16T19:09:53Z	3.5	99	-97.77605333333334	27.889131666666668
120	2016-08-16T19:11:11Z	4	336	-97.80013333333333	30.464716666666668
120	2016-08-16T19:11:56Z	4.9	173	-97.80068	30.464213333333333
88	2016-08-16T19:12:25Z	3	99	-97.77605	27.889116666666666
107	2016-08-16T19:12:34Z	27.2	161	-97.79605333333333	30.464695
107	2016-08-16T19:13:49Z	11	250	-97.79411666666667	30.45916666666667
120	2016-08-16T19:14:56Z	3.2	69	-97.793955	30.459188333333334
107	2016-08-16T19:15:33Z	5.7	163	-97.7935	30.457048333333333
120	2016-08-16T19:16:11Z	5	158	-97.79353333333333	30.4571
120	2016-08-16T19:17:55Z	21	245	-97.79138	30.448576666666668
107	2016-08-16T19:18:33Z	35.5	276	-97.79820833333333	30.44703
107	2016-08-16T19:18:49Z	13	118	-97.79928333333334	30.446833333333334
120	2016-08-16T19:20:55Z	4.3	93	-97.79900833333333	30.446796666666668
120	2016-08-16T19:21:11Z	4	16	-97.79856666666667	30.446916666666667
107	2016-08-16T19:21:32Z	39.3	72	-97.79540833333333	30.447373333333335
107	2016-08-16T19:23:49Z	43	350	-97.79051666666666	30.451016666666668
120	2016-08-16T19:23:54Z	45.7	351	-97.79070166666666	30.451996666666666
